,vacancy_title,min_salary,max_salary,currency,vacancy_link,vacancy_site
0,Web-программист,100000,150000,руб.,https://hh.ru/vacancy/47259223?query=%D0%BF%D1%80%D0%BE%D0%B3%D1%80%D0%B0%D0%BC%D0%BC%D0%B8%D1%81%D1%82,https://www.hh.ru/
1,Начинающий Java разработчик (удаленно или офис),60000,90000,руб.,https://hh.ru/vacancy/47349259?query=%D0%BF%D1%80%D0%BE%D0%B3%D1%80%D0%B0%D0%BC%D0%BC%D0%B8%D1%81%D1%82,https://www.hh.ru/
2,Программист-разработчик,110000,,руб.,https://hh.ru/vacancy/47246127?query=%D0%BF%D1%80%D0%BE%D0%B3%D1%80%D0%B0%D0%BC%D0%BC%D0%B8%D1%81%D1%82,https://www.hh.ru/
3,Программист-разработчик 1С Предприятие 8.3,150000,200000,руб.,https://hh.ru/vacancy/46867675?query=%D0%BF%D1%80%D0%BE%D0%B3%D1%80%D0%B0%D0%BC%D0%BC%D0%B8%D1%81%D1%82,https://www.hh.ru/
4,Программист 1с удаленно,120000,160000,руб.,https://hh.ru/vacancy/45479894?query=%D0%BF%D1%80%D0%BE%D0%B3%D1%80%D0%B0%D0%BC%D0%BC%D0%B8%D1%81%D1%82,https://www.hh.ru/
5,Программист-разработчик 1С,,,,https://hh.ru/vacancy/46530111?query=%D0%BF%D1%80%D0%BE%D0%B3%D1%80%D0%B0%D0%BC%D0%BC%D0%B8%D1%81%D1%82,https://www.hh.ru/
6,PHP-программист (удаленно),40000,40000,руб.,https://hh.ru/vacancy/47236207?query=%D0%BF%D1%80%D0%BE%D0%B3%D1%80%D0%B0%D0%BC%D0%BC%D0%B8%D1%81%D1%82,https://www.hh.ru/
7,Web-программист full-stack,100000,,руб.,https://hh.ru/vacancy/45972279?query=%D0%BF%D1%80%D0%BE%D0%B3%D1%80%D0%B0%D0%BC%D0%BC%D0%B8%D1%81%D1%82,https://www.hh.ru/
8,Программист C#,150000,,руб.,https://hh.ru/vacancy/47210718?query=%D0%BF%D1%80%D0%BE%D0%B3%D1%80%D0%B0%D0%BC%D0%BC%D0%B8%D1%81%D1%82,https://www.hh.ru/
9,Программист С#,100000,140000,руб.,https://hh.ru/vacancy/46790954?query=%D0%BF%D1%80%D0%BE%D0%B3%D1%80%D0%B0%D0%BC%D0%BC%D0%B8%D1%81%D1%82,https://www.hh.ru/
10,Программист-разработчик на Yii 2,130000,135000,руб.,https://hh.ru/vacancy/46991901?query=%D0%BF%D1%80%D0%BE%D0%B3%D1%80%D0%B0%D0%BC%D0%BC%D0%B8%D1%81%D1%82,https://www.hh.ru/
11,Программист,150000,,руб.,https://hh.ru/vacancy/47188374?query=%D0%BF%D1%80%D0%BE%D0%B3%D1%80%D0%B0%D0%BC%D0%BC%D0%B8%D1%81%D1%82,https://www.hh.ru/
12,Программист,120000,,руб.,https://hh.ru/vacancy/46749031?query=%D0%BF%D1%80%D0%BE%D0%B3%D1%80%D0%B0%D0%BC%D0%BC%D0%B8%D1%81%D1%82,https://www.hh.ru/
13,Веб-программист,60000,80000,руб.,https://hh.ru/vacancy/46586881?query=%D0%BF%D1%80%D0%BE%D0%B3%D1%80%D0%B0%D0%BC%D0%BC%D0%B8%D1%81%D1%82,https://www.hh.ru/
14,Программист 1С,20000,30000,руб.,https://hh.ru/vacancy/47249866?query=%D0%BF%D1%80%D0%BE%D0%B3%D1%80%D0%B0%D0%BC%D0%BC%D0%B8%D1%81%D1%82,https://www.hh.ru/
15,Программист,87000,,руб.,https://hh.ru/vacancy/47061902?query=%D0%BF%D1%80%D0%BE%D0%B3%D1%80%D0%B0%D0%BC%D0%BC%D0%B8%D1%81%D1%82,https://www.hh.ru/
16,Программист 1С (удаленно),60000,80000,руб.,https://hh.ru/vacancy/47229954?query=%D0%BF%D1%80%D0%BE%D0%B3%D1%80%D0%B0%D0%BC%D0%BC%D0%B8%D1%81%D1%82,https://www.hh.ru/
17,Программист,80000,180000,руб.,https://hh.ru/vacancy/47329325?query=%D0%BF%D1%80%D0%BE%D0%B3%D1%80%D0%B0%D0%BC%D0%BC%D0%B8%D1%81%D1%82,https://www.hh.ru/
18,Программист - разработчик 1С (удаленно),130000,160000,руб.,https://hh.ru/vacancy/46369280?query=%D0%BF%D1%80%D0%BE%D0%B3%D1%80%D0%B0%D0%BC%D0%BC%D0%B8%D1%81%D1%82,https://www.hh.ru/
19,Программист-консультант 1C,120000,150000,руб.,https://hh.ru/vacancy/47137917?query=%D0%BF%D1%80%D0%BE%D0%B3%D1%80%D0%B0%D0%BC%D0%BC%D0%B8%D1%81%D1%82,https://www.hh.ru/
20,Программист - разработчик (удаленно),40000,,руб.,https://hh.ru/vacancy/46568005?query=%D0%BF%D1%80%D0%BE%D0%B3%D1%80%D0%B0%D0%BC%D0%BC%D0%B8%D1%81%D1%82,https://www.hh.ru/
21,Программист C# (удалённо),,,,https://hh.ru/vacancy/46526049?query=%D0%BF%D1%80%D0%BE%D0%B3%D1%80%D0%B0%D0%BC%D0%BC%D0%B8%D1%81%D1%82,https://www.hh.ru/
22,Программист 1С,120000,,руб.,https://hh.ru/vacancy/46511392?query=%D0%BF%D1%80%D0%BE%D0%B3%D1%80%D0%B0%D0%BC%D0%BC%D0%B8%D1%81%D1%82,https://www.hh.ru/
23,Программист-разработчик / full stack,,,,https://hh.ru/vacancy/47302220?query=%D0%BF%D1%80%D0%BE%D0%B3%D1%80%D0%B0%D0%BC%D0%BC%D0%B8%D1%81%D1%82,https://www.hh.ru/
24,Программист 1C,30000,50000,руб.,https://hh.ru/vacancy/46589696?query=%D0%BF%D1%80%D0%BE%D0%B3%D1%80%D0%B0%D0%BC%D0%BC%D0%B8%D1%81%D1%82,https://www.hh.ru/
25,Программист С#,150000,,руб.,https://hh.ru/vacancy/46874680?query=%D0%BF%D1%80%D0%BE%D0%B3%D1%80%D0%B0%D0%BC%D0%BC%D0%B8%D1%81%D1%82,https://www.hh.ru/
26,Программист-разработчик,,,,https://hh.ru/vacancy/46625909?query=%D0%BF%D1%80%D0%BE%D0%B3%D1%80%D0%B0%D0%BC%D0%BC%D0%B8%D1%81%D1%82,https://www.hh.ru/
27,Программист C#,,,,https://hh.ru/vacancy/46951910?query=%D0%BF%D1%80%D0%BE%D0%B3%D1%80%D0%B0%D0%BC%D0%BC%D0%B8%D1%81%D1%82,https://www.hh.ru/
28,Программист (Powerbuilder),,,,https://hh.ru/vacancy/47077871?query=%D0%BF%D1%80%D0%BE%D0%B3%D1%80%D0%B0%D0%BC%D0%BC%D0%B8%D1%81%D1%82,https://www.hh.ru/
29,Программист Dart,,,,https://hh.ru/vacancy/47110226?query=%D0%BF%D1%80%D0%BE%D0%B3%D1%80%D0%B0%D0%BC%D0%BC%D0%B8%D1%81%D1%82,https://www.hh.ru/
30,PHP программист / Web программист,70000,,руб.,https://hh.ru/vacancy/47018252?query=%D0%BF%D1%80%D0%BE%D0%B3%D1%80%D0%B0%D0%BC%D0%BC%D0%B8%D1%81%D1%82,https://www.hh.ru/
31,Программист С,120000,,руб.,https://hh.ru/vacancy/46669376?query=%D0%BF%D1%80%D0%BE%D0%B3%D1%80%D0%B0%D0%BC%D0%BC%D0%B8%D1%81%D1%82,https://www.hh.ru/
32,Программист,95000,,руб.,https://hh.ru/vacancy/46896090?query=%D0%BF%D1%80%D0%BE%D0%B3%D1%80%D0%B0%D0%BC%D0%BC%D0%B8%D1%81%D1%82,https://www.hh.ru/
33,Программист,60000,60000,руб.,https://hh.ru/vacancy/46513013?query=%D0%BF%D1%80%D0%BE%D0%B3%D1%80%D0%B0%D0%BC%D0%BC%D0%B8%D1%81%D1%82,https://www.hh.ru/
34,Программист-разработчик,,,,https://hh.ru/vacancy/45443180?query=%D0%BF%D1%80%D0%BE%D0%B3%D1%80%D0%B0%D0%BC%D0%BC%D0%B8%D1%81%D1%82,https://www.hh.ru/
35,Программист Bitrix / Разработчик сайтов на Битрикс,90000,,руб.,https://hh.ru/vacancy/46497221?query=%D0%BF%D1%80%D0%BE%D0%B3%D1%80%D0%B0%D0%BC%D0%BC%D0%B8%D1%81%D1%82,https://www.hh.ru/
36,Программист-консультант 1С (удаленно),80000,110000,руб.,https://hh.ru/vacancy/46603476?query=%D0%BF%D1%80%D0%BE%D0%B3%D1%80%D0%B0%D0%BC%D0%BC%D0%B8%D1%81%D1%82,https://www.hh.ru/
37,Программист / Webmaster,,,,https://hh.ru/vacancy/47023644?query=%D0%BF%D1%80%D0%BE%D0%B3%D1%80%D0%B0%D0%BC%D0%BC%D0%B8%D1%81%D1%82,https://www.hh.ru/
38,Разработчик,,,,https://hh.ru/vacancy/46815646?query=%D0%BF%D1%80%D0%BE%D0%B3%D1%80%D0%B0%D0%BC%D0%BC%D0%B8%D1%81%D1%82,https://www.hh.ru/
39,Разработчик/Программист РHP,60000,110000,руб.,https://hh.ru/vacancy/47059889?query=%D0%BF%D1%80%D0%BE%D0%B3%D1%80%D0%B0%D0%BC%D0%BC%D0%B8%D1%81%D1%82,https://www.hh.ru/
40,Программист,,,,https://hh.ru/vacancy/47304324?query=%D0%BF%D1%80%D0%BE%D0%B3%D1%80%D0%B0%D0%BC%D0%BC%D0%B8%D1%81%D1%82,https://www.hh.ru/
41,PHP-программист,40000,70000,руб.,https://hh.ru/vacancy/46722398?query=%D0%BF%D1%80%D0%BE%D0%B3%D1%80%D0%B0%D0%BC%D0%BC%D0%B8%D1%81%D1%82,https://www.hh.ru/
42,Программист,,,,https://hh.ru/vacancy/47330880?query=%D0%BF%D1%80%D0%BE%D0%B3%D1%80%D0%B0%D0%BC%D0%BC%D0%B8%D1%81%D1%82,https://www.hh.ru/
43,Программист-разработчик,,,,https://hh.ru/vacancy/46628671?query=%D0%BF%D1%80%D0%BE%D0%B3%D1%80%D0%B0%D0%BC%D0%BC%D0%B8%D1%81%D1%82,https://www.hh.ru/
44,Программист-разработчик,,,,https://hh.ru/vacancy/46624090?query=%D0%BF%D1%80%D0%BE%D0%B3%D1%80%D0%B0%D0%BC%D0%BC%D0%B8%D1%81%D1%82,https://www.hh.ru/
45,Backend-разработчик (удаленно),,,,https://hh.ru/vacancy/46591677?query=%D0%BF%D1%80%D0%BE%D0%B3%D1%80%D0%B0%D0%BC%D0%BC%D0%B8%D1%81%D1%82,https://www.hh.ru/
46,Программист 1С (удаленно),80000,,руб.,https://hh.ru/vacancy/47050427?query=%D0%BF%D1%80%D0%BE%D0%B3%D1%80%D0%B0%D0%BC%D0%BC%D0%B8%D1%81%D1%82,https://www.hh.ru/
47,Программист 1С,82000,150000,руб.,https://hh.ru/vacancy/46659093?query=%D0%BF%D1%80%D0%BE%D0%B3%D1%80%D0%B0%D0%BC%D0%BC%D0%B8%D1%81%D1%82,https://www.hh.ru/
48,Программист-консультант 1C,80000,,руб.,https://hh.ru/vacancy/46894701?query=%D0%BF%D1%80%D0%BE%D0%B3%D1%80%D0%B0%D0%BC%D0%BC%D0%B8%D1%81%D1%82,https://www.hh.ru/
49,Программист,,,,https://hh.ru/vacancy/46628977?query=%D0%BF%D1%80%D0%BE%D0%B3%D1%80%D0%B0%D0%BC%D0%BC%D0%B8%D1%81%D1%82,https://www.hh.ru/
50,Web-программист,100000,150000,руб.,https://hh.ru/vacancy/47259223?query=%D0%BF%D1%80%D0%BE%D0%B3%D1%80%D0%B0%D0%BC%D0%BC%D0%B8%D1%81%D1%82,https://www.hh.ru/
51,Начинающий Java разработчик (удаленно или офис),60000,90000,руб.,https://hh.ru/vacancy/47349259?query=%D0%BF%D1%80%D0%BE%D0%B3%D1%80%D0%B0%D0%BC%D0%BC%D0%B8%D1%81%D1%82,https://www.hh.ru/
52,Программист-разработчик,110000,,руб.,https://hh.ru/vacancy/47246127?query=%D0%BF%D1%80%D0%BE%D0%B3%D1%80%D0%B0%D0%BC%D0%BC%D0%B8%D1%81%D1%82,https://www.hh.ru/
53,Программист-разработчик 1С Предприятие 8.3,150000,200000,руб.,https://hh.ru/vacancy/46867675?query=%D0%BF%D1%80%D0%BE%D0%B3%D1%80%D0%B0%D0%BC%D0%BC%D0%B8%D1%81%D1%82,https://www.hh.ru/
54,Программист 1с удаленно,120000,160000,руб.,https://hh.ru/vacancy/45479894?query=%D0%BF%D1%80%D0%BE%D0%B3%D1%80%D0%B0%D0%BC%D0%BC%D0%B8%D1%81%D1%82,https://www.hh.ru/
55,Программист-разработчик 1С,,,,https://hh.ru/vacancy/46530111?query=%D0%BF%D1%80%D0%BE%D0%B3%D1%80%D0%B0%D0%BC%D0%BC%D0%B8%D1%81%D1%82,https://www.hh.ru/
56,PHP-программист (удаленно),40000,40000,руб.,https://hh.ru/vacancy/47236207?query=%D0%BF%D1%80%D0%BE%D0%B3%D1%80%D0%B0%D0%BC%D0%BC%D0%B8%D1%81%D1%82,https://www.hh.ru/
57,Web-программист full-stack,100000,,руб.,https://hh.ru/vacancy/45972279?query=%D0%BF%D1%80%D0%BE%D0%B3%D1%80%D0%B0%D0%BC%D0%BC%D0%B8%D1%81%D1%82,https://www.hh.ru/
58,Программист C#,150000,,руб.,https://hh.ru/vacancy/47210718?query=%D0%BF%D1%80%D0%BE%D0%B3%D1%80%D0%B0%D0%BC%D0%BC%D0%B8%D1%81%D1%82,https://www.hh.ru/
59,Программист С#,100000,140000,руб.,https://hh.ru/vacancy/46790954?query=%D0%BF%D1%80%D0%BE%D0%B3%D1%80%D0%B0%D0%BC%D0%BC%D0%B8%D1%81%D1%82,https://www.hh.ru/
60,Программист-разработчик на Yii 2,130000,135000,руб.,https://hh.ru/vacancy/46991901?query=%D0%BF%D1%80%D0%BE%D0%B3%D1%80%D0%B0%D0%BC%D0%BC%D0%B8%D1%81%D1%82,https://www.hh.ru/
61,Программист,150000,,руб.,https://hh.ru/vacancy/47188374?query=%D0%BF%D1%80%D0%BE%D0%B3%D1%80%D0%B0%D0%BC%D0%BC%D0%B8%D1%81%D1%82,https://www.hh.ru/
62,Программист,120000,,руб.,https://hh.ru/vacancy/46749031?query=%D0%BF%D1%80%D0%BE%D0%B3%D1%80%D0%B0%D0%BC%D0%BC%D0%B8%D1%81%D1%82,https://www.hh.ru/
63,Веб-программист,60000,80000,руб.,https://hh.ru/vacancy/46586881?query=%D0%BF%D1%80%D0%BE%D0%B3%D1%80%D0%B0%D0%BC%D0%BC%D0%B8%D1%81%D1%82,https://www.hh.ru/
64,Программист 1С,20000,30000,руб.,https://hh.ru/vacancy/47249866?query=%D0%BF%D1%80%D0%BE%D0%B3%D1%80%D0%B0%D0%BC%D0%BC%D0%B8%D1%81%D1%82,https://www.hh.ru/
65,Программист,87000,,руб.,https://hh.ru/vacancy/47061902?query=%D0%BF%D1%80%D0%BE%D0%B3%D1%80%D0%B0%D0%BC%D0%BC%D0%B8%D1%81%D1%82,https://www.hh.ru/
66,Программист 1С (удаленно),60000,80000,руб.,https://hh.ru/vacancy/47229954?query=%D0%BF%D1%80%D0%BE%D0%B3%D1%80%D0%B0%D0%BC%D0%BC%D0%B8%D1%81%D1%82,https://www.hh.ru/
67,Программист,80000,180000,руб.,https://hh.ru/vacancy/47329325?query=%D0%BF%D1%80%D0%BE%D0%B3%D1%80%D0%B0%D0%BC%D0%BC%D0%B8%D1%81%D1%82,https://www.hh.ru/
68,Программист - разработчик 1С (удаленно),130000,160000,руб.,https://hh.ru/vacancy/46369280?query=%D0%BF%D1%80%D0%BE%D0%B3%D1%80%D0%B0%D0%BC%D0%BC%D0%B8%D1%81%D1%82,https://www.hh.ru/
69,Программист-консультант 1C,120000,150000,руб.,https://hh.ru/vacancy/47137917?query=%D0%BF%D1%80%D0%BE%D0%B3%D1%80%D0%B0%D0%BC%D0%BC%D0%B8%D1%81%D1%82,https://www.hh.ru/
70,Программист - разработчик (удаленно),40000,,руб.,https://hh.ru/vacancy/46568005?query=%D0%BF%D1%80%D0%BE%D0%B3%D1%80%D0%B0%D0%BC%D0%BC%D0%B8%D1%81%D1%82,https://www.hh.ru/
71,Программист C# (удалённо),,,,https://hh.ru/vacancy/46526049?query=%D0%BF%D1%80%D0%BE%D0%B3%D1%80%D0%B0%D0%BC%D0%BC%D0%B8%D1%81%D1%82,https://www.hh.ru/
72,Программист 1С,120000,,руб.,https://hh.ru/vacancy/46511392?query=%D0%BF%D1%80%D0%BE%D0%B3%D1%80%D0%B0%D0%BC%D0%BC%D0%B8%D1%81%D1%82,https://www.hh.ru/
73,Программист-разработчик / full stack,,,,https://hh.ru/vacancy/47302220?query=%D0%BF%D1%80%D0%BE%D0%B3%D1%80%D0%B0%D0%BC%D0%BC%D0%B8%D1%81%D1%82,https://www.hh.ru/
74,Программист 1C,30000,50000,руб.,https://hh.ru/vacancy/46589696?query=%D0%BF%D1%80%D0%BE%D0%B3%D1%80%D0%B0%D0%BC%D0%BC%D0%B8%D1%81%D1%82,https://www.hh.ru/
75,Программист С#,150000,,руб.,https://hh.ru/vacancy/46874680?query=%D0%BF%D1%80%D0%BE%D0%B3%D1%80%D0%B0%D0%BC%D0%BC%D0%B8%D1%81%D1%82,https://www.hh.ru/
76,Программист-разработчик,,,,https://hh.ru/vacancy/46625909?query=%D0%BF%D1%80%D0%BE%D0%B3%D1%80%D0%B0%D0%BC%D0%BC%D0%B8%D1%81%D1%82,https://www.hh.ru/
77,Программист C#,,,,https://hh.ru/vacancy/46951910?query=%D0%BF%D1%80%D0%BE%D0%B3%D1%80%D0%B0%D0%BC%D0%BC%D0%B8%D1%81%D1%82,https://www.hh.ru/
78,Программист (Powerbuilder),,,,https://hh.ru/vacancy/47077871?query=%D0%BF%D1%80%D0%BE%D0%B3%D1%80%D0%B0%D0%BC%D0%BC%D0%B8%D1%81%D1%82,https://www.hh.ru/
79,Программист Dart,,,,https://hh.ru/vacancy/47110226?query=%D0%BF%D1%80%D0%BE%D0%B3%D1%80%D0%B0%D0%BC%D0%BC%D0%B8%D1%81%D1%82,https://www.hh.ru/
80,PHP программист / Web программист,70000,,руб.,https://hh.ru/vacancy/47018252?query=%D0%BF%D1%80%D0%BE%D0%B3%D1%80%D0%B0%D0%BC%D0%BC%D0%B8%D1%81%D1%82,https://www.hh.ru/
81,Программист С,120000,,руб.,https://hh.ru/vacancy/46669376?query=%D0%BF%D1%80%D0%BE%D0%B3%D1%80%D0%B0%D0%BC%D0%BC%D0%B8%D1%81%D1%82,https://www.hh.ru/
82,Программист,95000,,руб.,https://hh.ru/vacancy/46896090?query=%D0%BF%D1%80%D0%BE%D0%B3%D1%80%D0%B0%D0%BC%D0%BC%D0%B8%D1%81%D1%82,https://www.hh.ru/
83,Программист,60000,60000,руб.,https://hh.ru/vacancy/46513013?query=%D0%BF%D1%80%D0%BE%D0%B3%D1%80%D0%B0%D0%BC%D0%BC%D0%B8%D1%81%D1%82,https://www.hh.ru/
84,Программист-разработчик,,,,https://hh.ru/vacancy/45443180?query=%D0%BF%D1%80%D0%BE%D0%B3%D1%80%D0%B0%D0%BC%D0%BC%D0%B8%D1%81%D1%82,https://www.hh.ru/
85,Программист Bitrix / Разработчик сайтов на Битрикс,90000,,руб.,https://hh.ru/vacancy/46497221?query=%D0%BF%D1%80%D0%BE%D0%B3%D1%80%D0%B0%D0%BC%D0%BC%D0%B8%D1%81%D1%82,https://www.hh.ru/
86,Программист-консультант 1С (удаленно),80000,110000,руб.,https://hh.ru/vacancy/46603476?query=%D0%BF%D1%80%D0%BE%D0%B3%D1%80%D0%B0%D0%BC%D0%BC%D0%B8%D1%81%D1%82,https://www.hh.ru/
87,Программист / Webmaster,,,,https://hh.ru/vacancy/47023644?query=%D0%BF%D1%80%D0%BE%D0%B3%D1%80%D0%B0%D0%BC%D0%BC%D0%B8%D1%81%D1%82,https://www.hh.ru/
88,Разработчик,,,,https://hh.ru/vacancy/46815646?query=%D0%BF%D1%80%D0%BE%D0%B3%D1%80%D0%B0%D0%BC%D0%BC%D0%B8%D1%81%D1%82,https://www.hh.ru/
89,Разработчик/Программист РHP,60000,110000,руб.,https://hh.ru/vacancy/47059889?query=%D0%BF%D1%80%D0%BE%D0%B3%D1%80%D0%B0%D0%BC%D0%BC%D0%B8%D1%81%D1%82,https://www.hh.ru/
90,Программист,,,,https://hh.ru/vacancy/47304324?query=%D0%BF%D1%80%D0%BE%D0%B3%D1%80%D0%B0%D0%BC%D0%BC%D0%B8%D1%81%D1%82,https://www.hh.ru/
91,PHP-программист,40000,70000,руб.,https://hh.ru/vacancy/46722398?query=%D0%BF%D1%80%D0%BE%D0%B3%D1%80%D0%B0%D0%BC%D0%BC%D0%B8%D1%81%D1%82,https://www.hh.ru/
92,Программист,,,,https://hh.ru/vacancy/47330880?query=%D0%BF%D1%80%D0%BE%D0%B3%D1%80%D0%B0%D0%BC%D0%BC%D0%B8%D1%81%D1%82,https://www.hh.ru/
93,Программист-разработчик,,,,https://hh.ru/vacancy/46628671?query=%D0%BF%D1%80%D0%BE%D0%B3%D1%80%D0%B0%D0%BC%D0%BC%D0%B8%D1%81%D1%82,https://www.hh.ru/
94,Программист-разработчик,,,,https://hh.ru/vacancy/46624090?query=%D0%BF%D1%80%D0%BE%D0%B3%D1%80%D0%B0%D0%BC%D0%BC%D0%B8%D1%81%D1%82,https://www.hh.ru/
95,Backend-разработчик (удаленно),,,,https://hh.ru/vacancy/46591677?query=%D0%BF%D1%80%D0%BE%D0%B3%D1%80%D0%B0%D0%BC%D0%BC%D0%B8%D1%81%D1%82,https://www.hh.ru/
96,Программист 1С (удаленно),80000,,руб.,https://hh.ru/vacancy/47050427?query=%D0%BF%D1%80%D0%BE%D0%B3%D1%80%D0%B0%D0%BC%D0%BC%D0%B8%D1%81%D1%82,https://www.hh.ru/
97,Программист 1С,82000,150000,руб.,https://hh.ru/vacancy/46659093?query=%D0%BF%D1%80%D0%BE%D0%B3%D1%80%D0%B0%D0%BC%D0%BC%D0%B8%D1%81%D1%82,https://www.hh.ru/
98,Программист-консультант 1C,80000,,руб.,https://hh.ru/vacancy/46894701?query=%D0%BF%D1%80%D0%BE%D0%B3%D1%80%D0%B0%D0%BC%D0%BC%D0%B8%D1%81%D1%82,https://www.hh.ru/
99,Программист,,,,https://hh.ru/vacancy/46628977?query=%D0%BF%D1%80%D0%BE%D0%B3%D1%80%D0%B0%D0%BC%D0%BC%D0%B8%D1%81%D1%82,https://www.hh.ru/
100,Разработчик PHP,140000,,руб.,https://russia.superjob.ru/vakansii/razrabotchik-php-37857172.html,https://russia.superjob.ru/
101,Инженер-программист отдела электронного обучения,50000,,руб.,https://russia.superjob.ru/vakansii/inzhener-programmist-otdela-elektronnogo-obucheniya-34227230.html,https://russia.superjob.ru/
102,PHP-разработчик,,,,https://russia.superjob.ru/vakansii/php-razrabotchik-38310646.html,https://russia.superjob.ru/
103,Frontend Developer,,,,https://russia.superjob.ru/vakansii/frontend-developer-38409993.html,https://russia.superjob.ru/
104,Программист 1С / Разработчик 1С,,,,https://russia.superjob.ru/vakansii/programmist-1s-38733610.html,https://russia.superjob.ru/
105,Программист 1С (УПП 1.3),,,,https://russia.superjob.ru/vakansii/programmist-1s-38409991.html,https://russia.superjob.ru/
106,Frontend-разработчик (React),200000,,руб.,https://russia.superjob.ru/vakansii/frontend-razrabotchik-38329654.html,https://russia.superjob.ru/
107,Асессор-разработчик,,,,https://russia.superjob.ru/vakansii/asessor-razrabotchik-37919244.html,https://russia.superjob.ru/
108,Программист (тьютор),20000,,руб.,https://russia.superjob.ru/vakansii/programmist-38500876.html,https://russia.superjob.ru/
109,Программист-консультант 1С,110000,130000,руб.,https://russia.superjob.ru/vakansii/programmist-konsultant-1s-38309929.html,https://russia.superjob.ru/
110,IOS Developer,,,,https://russia.superjob.ru/vakansii/ios-developer-38630565.html,https://russia.superjob.ru/
111,Программист 1С,150000,170000,руб.,https://russia.superjob.ru/vakansii/programmist-1s-38309899.html,https://russia.superjob.ru/
112,IOS Developer,200000,,руб.,https://russia.superjob.ru/vakansii/ios-developer-38409644.html,https://russia.superjob.ru/
113,Программист 1C 8 (известная обувная сеть),160000,,руб.,https://russia.superjob.ru/vakansii/programmist-1c-8-31153206.html,https://russia.superjob.ru/
114,Инженер-разработчик решений на ПЛИС,130000,,руб.,https://russia.superjob.ru/vakansii/inzhener-razrabotchik-reshenij-na-plis-37961848.html,https://russia.superjob.ru/
115,Разработчик картин по номерам (удаленная работа),,,,https://russia.superjob.ru/vakansii/razrabotchik-kartin-po-nomeram-34814838.html,https://russia.superjob.ru/
116,Ведущий программист 1С,150000,,руб.,https://russia.superjob.ru/vakansii/veduschij-programmist-1s-38677610.html,https://russia.superjob.ru/
117,Разработчик-аналитик T-SQL,,,,https://russia.superjob.ru/vakansii/razrabotchik-analitik-t-sql-38409475.html,https://russia.superjob.ru/
118,Программист сопровождения,50000,60000,руб.,https://russia.superjob.ru/vakansii/programmist-soprovozhdeniya-30803021.html,https://russia.superjob.ru/
119,Junior Backend разработчик,60000,,руб.,https://russia.superjob.ru/vakansii/junior-backend-razrabotchik-38499032.html,https://russia.superjob.ru/
120,Разработчик PHP,140000,,руб.,https://russia.superjob.ru/vakansii/razrabotchik-php-37857172.html,https://russia.superjob.ru/
121,Инженер-программист отдела электронного обучения,50000,,руб.,https://russia.superjob.ru/vakansii/inzhener-programmist-otdela-elektronnogo-obucheniya-34227230.html,https://russia.superjob.ru/
122,PHP-разработчик,,,,https://russia.superjob.ru/vakansii/php-razrabotchik-38310646.html,https://russia.superjob.ru/
123,Frontend Developer,,,,https://russia.superjob.ru/vakansii/frontend-developer-38409993.html,https://russia.superjob.ru/
124,Программист 1С / Разработчик 1С,,,,https://russia.superjob.ru/vakansii/programmist-1s-38733610.html,https://russia.superjob.ru/
125,Программист 1С (УПП 1.3),,,,https://russia.superjob.ru/vakansii/programmist-1s-38409991.html,https://russia.superjob.ru/
126,Frontend-разработчик (React),200000,,руб.,https://russia.superjob.ru/vakansii/frontend-razrabotchik-38329654.html,https://russia.superjob.ru/
127,Асессор-разработчик,,,,https://russia.superjob.ru/vakansii/asessor-razrabotchik-37919244.html,https://russia.superjob.ru/
128,Программист (тьютор),20000,,руб.,https://russia.superjob.ru/vakansii/programmist-38500876.html,https://russia.superjob.ru/
129,Программист-консультант 1С,110000,130000,руб.,https://russia.superjob.ru/vakansii/programmist-konsultant-1s-38309929.html,https://russia.superjob.ru/
130,IOS Developer,,,,https://russia.superjob.ru/vakansii/ios-developer-38630565.html,https://russia.superjob.ru/
131,Программист 1С,150000,170000,руб.,https://russia.superjob.ru/vakansii/programmist-1s-38309899.html,https://russia.superjob.ru/
132,IOS Developer,200000,,руб.,https://russia.superjob.ru/vakansii/ios-developer-38409644.html,https://russia.superjob.ru/
133,Программист 1C 8 (известная обувная сеть),160000,,руб.,https://russia.superjob.ru/vakansii/programmist-1c-8-31153206.html,https://russia.superjob.ru/
134,Инженер-разработчик решений на ПЛИС,130000,,руб.,https://russia.superjob.ru/vakansii/inzhener-razrabotchik-reshenij-na-plis-37961848.html,https://russia.superjob.ru/
135,Разработчик картин по номерам (удаленная работа),,,,https://russia.superjob.ru/vakansii/razrabotchik-kartin-po-nomeram-34814838.html,https://russia.superjob.ru/
136,Ведущий программист 1С,150000,,руб.,https://russia.superjob.ru/vakansii/veduschij-programmist-1s-38677610.html,https://russia.superjob.ru/
137,Разработчик-аналитик T-SQL,,,,https://russia.superjob.ru/vakansii/razrabotchik-analitik-t-sql-38409475.html,https://russia.superjob.ru/
138,Программист сопровождения,50000,60000,руб.,https://russia.superjob.ru/vakansii/programmist-soprovozhdeniya-30803021.html,https://russia.superjob.ru/
139,Junior Backend разработчик,60000,,руб.,https://russia.superjob.ru/vakansii/junior-backend-razrabotchik-38499032.html,https://russia.superjob.ru/
